,census_tract_id,census_tract_id_11,census_tract_name,community_id,community_name,zip_code
0,842400,17031842400,8424.0,44,CHATHAM,6062
1,840300,17031840300,8403.0,59,MCKINLEY PARK,60609
2,840300,17031840300,8403.0,59,MCKINLEY PARK,60632
3,840300,17031840300,8403.0,59,MCKINLEY PARK,60608
4,841100,17031841100,8411.0,34,ARMOUR SQUARE,60616
5,841200,17031841200,8412.0,31,LOWER WEST SIDE,60608
6,839000,17031839000,8390.0,32,LOOP,60605
7,839000,17031839000,8390.0,32,LOOP,60607
8,838200,17031838200,8382.0,28,NEAR WEST SIDE,60612
9,838200,17031838200,8382.0,28,NEAR WEST SIDE,60607
10,838200,17031838200,8382.0,28,NEAR WEST SIDE,60608
11,650301,17031650301,6503.01,65,WEST LAWN,60629
12,530503,17031530503,5305.03,53,WEST PULLMAN,60643
13,530503,17031530503,5305.03,53,WEST PULLMAN,60628
14,760803,17031760803,7608.03,76,OHARE,60706
15,760803,17031760803,7608.03,76,OHARE,60656
16,30601,17031030601,306.01,77,EDGEWATER,6066
17,30604,17031030604,306.04,77,EDGEWATER,6066
18,20801,17031020801,208.01,2,WEST RIDGE,60659
19,540102,17031540102,5401.02,54,RIVERDALE,60827
20,540102,17031540102,5401.02,54,RIVERDALE,60628
21,843300,17031843300,8433.0,29,NORTH LAWNDALE,60608
22,843300,17031843300,8433.0,29,NORTH LAWNDALE,60612
23,540101,17031540101,5401.01,54,RIVERDALE,60827
24,440201,17031440201,4402.01,44,CHATHAM,60619
25,80202,17031080202,802.02,8,NEAR NORTH SIDE,6061
26,70102,17031070102,701.02,7,LINCOLN PARK,60614
27,31501,17031031501,315.01,3,UPTOWN,6064
28,31502,17031031502,315.02,3,UPTOWN,60613
29,31502,17031031502,315.02,3,UPTOWN,6064
30,834900,17031834900,8349.0,67,WEST ENGLEWOOD,60636
31,834800,17031834800,8348.0,68,ENGLEWOOD,60621
32,160502,17031160502,1605.02,16,IRVING PARK,60618
33,140702,17031140702,1407.02,14,ALBANY PARK,60618
34,140702,17031140702,1407.02,14,ALBANY PARK,60625
35,842000,17031842000,8420.0,35,DOUGLAS,60616
36,150402,17031150402,1504.02,15,PORTAGE PARK,60634
37,834400,17031834400,8344.0,42,WOODLAWN,60637
38,40201,17031040201,402.01,4,LINCOLN SQUARE,60625
39,40202,17031040202,402.02,4,LINCOLN SQUARE,60625
40,40202,17031040202,402.02,4,LINCOLN SQUARE,60659
41,20702,17031020702,207.02,2,WEST RIDGE,60659
42,20702,17031020702,207.02,2,WEST RIDGE,60645
43,20802,17031020802,208.02,2,WEST RIDGE,60645
44,20802,17031020802,208.02,2,WEST RIDGE,60659
45,20301,17031020301,203.01,2,WEST RIDGE,60645
46,838700,17031838700,8387.0,29,NORTH LAWNDALE,60623
47,838700,17031838700,8387.0,29,NORTH LAWNDALE,60624
48,20601,17031020601,206.01,2,WEST RIDGE,60659
49,20601,17031020601,206.01,2,WEST RIDGE,60645
50,841500,17031841500,8415.0,29,NORTH LAWNDALE,60624
51,841500,17031841500,8415.0,29,NORTH LAWNDALE,60623
52,838600,17031838600,8386.0,29,NORTH LAWNDALE,60612
53,837300,17031837300,8373.0,27,EAST GARFIELD PARK,60612
54,837300,17031837300,8373.0,27,EAST GARFIELD PARK,60624
55,20602,17031020602,206.02,2,WEST RIDGE,60645
56,20602,17031020602,206.02,2,WEST RIDGE,60659
57,63301,17031063301,633.01,6,LAKE VIEW,60614
58,63301,17031063301,633.01,6,LAKE VIEW,60657
59,837800,17031837800,8378.0,28,NEAR WEST SIDE,60612
60,837400,17031837400,8374.0,27,EAST GARFIELD PARK,60612
61,836900,17031836900,8369.0,27,EAST GARFIELD PARK,60624
62,836900,17031836900,8369.0,27,EAST GARFIELD PARK,60612
63,20302,17031020302,203.02,2,WEST RIDGE,60645
64,20902,17031020902,209.02,2,WEST RIDGE,60659
65,20902,17031020902,209.02,2,WEST RIDGE,6066
66,10701,17031010701,107.01,1,ROGERS PARK,60645
67,10701,17031010701,107.01,1,ROGERS PARK,60626
68,30103,17031030103,301.03,77,EDGEWATER,6066
69,63303,17031063303,633.03,6,LAKE VIEW,60657
70,30102,17031030102,301.02,77,EDGEWATER,6066
71,10502,17031010502,105.02,1,ROGERS PARK,60626
72,10503,17031010503,105.03,1,ROGERS PARK,60626
73,10503,17031010503,105.03,1,ROGERS PARK,6066
74,10702,17031010702,107.02,1,ROGERS PARK,60626
75,837100,17031837100,8371.0,27,EAST GARFIELD PARK,60612
76,837000,17031837000,8370.0,27,EAST GARFIELD PARK,60612
77,10201,17031010201,102.01,1,ROGERS PARK,60626
78,10201,17031010201,102.01,1,ROGERS PARK,60645
79,10201,17031010201,102.01,1,ROGERS PARK,60202
80,20901,17031020901,209.01,2,WEST RIDGE,60659
81,40401,17031040401,404.01,4,LINCOLN SQUARE,60625
82,210602,17031210602,2106.02,21,AVONDALE,60647
83,210602,17031210602,2106.02,21,AVONDALE,60618
84,160501,17031160501,1605.01,16,IRVING PARK,60625
85,160501,17031160501,1605.01,16,IRVING PARK,60618
86,191302,17031191302,1913.02,19,BELMONT CRAGIN,60639
87,190602,17031190602,1906.02,19,BELMONT CRAGIN,60639
88,840200,17031840200,8402.0,60,BRIDGEPORT,60608
89,840200,17031840200,8402.0,60,BRIDGEPORT,60616
90,530501,17031530501,5305.01,53,WEST PULLMAN,60628
91,20701,17031020701,207.01,2,WEST RIDGE,60659
92,831400,17031831400,8314.0,25,AUSTIN,60644
93,831300,17031831300,8313.0,25,AUSTIN,60639
94,831300,17031831300,8313.0,25,AUSTIN,60651
95,10501,17031010501,105.01,1,ROGERS PARK,60626
96,833000,17031833000,8330.0,28,NEAR WEST SIDE,60661
97,833000,17031833000,8330.0,28,NEAR WEST SIDE,60612
98,833000,17031833000,8330.0,28,NEAR WEST SIDE,60607
99,833000,17031833000,8330.0,28,NEAR WEST SIDE,60642
100,760801,17031760801,7608.01,76,OHARE,60631
101,760801,17031760801,7608.01,76,OHARE,60656
102,252101,17031252101,2521.01,25,AUSTIN,60644
103,252101,17031252101,2521.01,25,AUSTIN,60304
104,252102,17031252102,2521.02,25,AUSTIN,60644
105,252202,17031252202,2522.02,25,AUSTIN,60624
106,252202,17031252202,2522.02,25,AUSTIN,60644
107,220601,17031220601,2206.01,22,LOGAN SQUARE,60647
108,210502,17031210502,2105.02,21,AVONDALE,60618
109,210502,17031210502,2105.02,21,AVONDALE,60647
110,210502,17031210502,2105.02,21,AVONDALE,60641
111,220602,17031220602,2206.02,22,LOGAN SQUARE,60647
112,220901,17031220901,2209.01,22,LOGAN SQUARE,60647
113,220901,17031220901,2209.01,22,LOGAN SQUARE,60639
114,220902,17031220902,2209.02,22,LOGAN SQUARE,60639
115,220902,17031220902,2209.02,22,LOGAN SQUARE,60647
116,200401,17031200401,2004.01,20,HERMOSA,60639
117,200402,17031200402,2004.02,20,HERMOSA,60639
118,200402,17031200402,2004.02,20,HERMOSA,60647
119,191301,17031191301,1913.01,19,BELMONT CRAGIN,60639
120,190601,17031190601,1906.01,19,BELMONT CRAGIN,60639
121,190701,17031190701,1907.01,19,BELMONT CRAGIN,60639
122,190702,17031190702,1907.02,19,BELMONT CRAGIN,60639
123,190401,17031190401,1904.01,19,BELMONT CRAGIN,60634
124,190401,17031190401,1904.01,19,BELMONT CRAGIN,60639
125,190402,17031190402,1904.02,19,BELMONT CRAGIN,60639
126,190402,17031190402,1904.02,19,BELMONT CRAGIN,60634
127,832100,17031832100,8321.0,6,LAKE VIEW,60613
128,843800,17031843800,8438.0,61,NEW CITY,60609
129,842800,17031842800,8428.0,58,BRIGHTON PARK,60609
130,842800,17031842800,8428.0,58,BRIGHTON PARK,60632
131,351500,17031351500,3515.0,35,DOUGLAS,60609
132,351500,17031351500,3515.0,35,DOUGLAS,60616
133,980100,17031980100,9801.0,56,GARFIELD RIDGE,60632
134,980100,17031980100,9801.0,56,GARFIELD RIDGE,60638
135,833300,17031833300,8333.0,28,NEAR WEST SIDE,60608
136,833300,17031833300,8333.0,28,NEAR WEST SIDE,60607
137,832900,17031832900,8329.0,28,NEAR WEST SIDE,60607
138,838000,17031838000,8380.0,28,NEAR WEST SIDE,60612
139,838100,17031838100,8381.0,28,NEAR WEST SIDE,60607
140,838100,17031838100,8381.0,28,NEAR WEST SIDE,60612
141,30706,17031030706,307.06,77,EDGEWATER,6066
142,30706,17031030706,307.06,77,EDGEWATER,6064
143,381500,17031381500,3815.0,38,GRAND BOULEVARD,60609
144,381500,17031381500,3815.0,38,GRAND BOULEVARD,60653
145,833100,17031833100,8331.0,28,NEAR WEST SIDE,60607
146,833100,17031833100,8331.0,28,NEAR WEST SIDE,60661
147,839100,17031839100,8391.0,32,LOOP,60697
148,839100,17031839100,8391.0,32,LOOP,60603
149,839100,17031839100,8391.0,32,LOOP,60602
150,839100,17031839100,8391.0,32,LOOP,60674
151,839100,17031839100,8391.0,32,LOOP,60673
152,839100,17031839100,8391.0,32,LOOP,60684
153,839100,17031839100,8391.0,32,LOOP,60677
154,839100,17031839100,8391.0,32,LOOP,60607
155,839100,17031839100,8391.0,32,LOOP,60606
156,839100,17031839100,8391.0,32,LOOP,60601
157,839100,17031839100,8391.0,32,LOOP,60675
158,839100,17031839100,8391.0,32,LOOP,60694
159,839100,17031839100,8391.0,32,LOOP,60678
160,839100,17031839100,8391.0,32,LOOP,6067
161,839100,17031839100,8391.0,32,LOOP,6069
162,839100,17031839100,8391.0,32,LOOP,60604
163,839100,17031839100,8391.0,32,LOOP,60605
164,839100,17031839100,8391.0,32,LOOP,60693
165,81201,17031081201,812.01,8,NEAR NORTH SIDE,60611
166,81201,17031081201,812.01,8,NEAR NORTH SIDE,6061
167,150401,17031150401,1504.01,15,PORTAGE PARK,60634
168,150401,17031150401,1504.01,15,PORTAGE PARK,6063
169,150501,17031150501,1505.01,15,PORTAGE PARK,60706
170,150501,17031150501,1505.01,15,PORTAGE PARK,60634
171,150501,17031150501,1505.01,15,PORTAGE PARK,6063
172,843000,17031843000,8430.0,29,NORTH LAWNDALE,60624
173,843000,17031843000,8430.0,29,NORTH LAWNDALE,60612
174,842900,17031842900,8429.0,28,NEAR WEST SIDE,60608
175,842100,17031842100,8421.0,23,HUMBOLDT PARK,60624
176,842100,17031842100,8421.0,23,HUMBOLDT PARK,60651
177,841900,17031841900,8419.0,28,NEAR WEST SIDE,60682
178,841900,17031841900,8419.0,28,NEAR WEST SIDE,60607
179,841900,17031841900,8419.0,28,NEAR WEST SIDE,60699
180,841900,17031841900,8419.0,28,NEAR WEST SIDE,60616
181,841900,17031841900,8419.0,28,NEAR WEST SIDE,60608
182,841900,17031841900,8419.0,28,NEAR WEST SIDE,60689
183,841900,17031841900,8419.0,28,NEAR WEST SIDE,60669
184,841900,17031841900,8419.0,28,NEAR WEST SIDE,60695
185,80201,17031080201,802.01,8,NEAR NORTH SIDE,6061
186,70101,17031070101,701.01,7,LINCOLN PARK,60614
187,81202,17031081202,812.02,8,NEAR NORTH SIDE,60611
188,81202,17031081202,812.02,8,NEAR NORTH SIDE,6061
189,40402,17031040402,404.02,4,LINCOLN SQUARE,6064
190,40402,17031040402,404.02,4,LINCOLN SQUARE,60625
191,220702,17031220702,2207.02,22,LOGAN SQUARE,60639
192,220702,17031220702,2207.02,22,LOGAN SQUARE,60647
193,140301,17031140301,1403.01,14,ALBANY PARK,60625
194,140301,17031140301,1403.01,14,ALBANY PARK,6063
195,842200,17031842200,8422.0,8,NEAR NORTH SIDE,60642
196,842200,17031842200,8422.0,8,NEAR NORTH SIDE,60654
197,842200,17031842200,8422.0,8,NEAR NORTH SIDE,6061
198,843700,17031843700,8437.0,5,NORTH CENTER,60618
199,835000,17031835000,8350.0,66,CHICAGO LAWN,60629
200,835000,17031835000,8350.0,66,CHICAGO LAWN,60636
201,842300,17031842300,8423.0,24,WEST TOWN,60654
202,842300,17031842300,8423.0,24,WEST TOWN,60642
203,842300,17031842300,8423.0,24,WEST TOWN,60622
204,842300,17031842300,8423.0,24,WEST TOWN,60606
205,230200,17031230200,2302.0,23,HUMBOLDT PARK,60647
206,835100,17031835100,8351.0,63,GAGE PARK,60636
207,835100,17031835100,8351.0,63,GAGE PARK,60629
208,835100,17031835100,8351.0,63,GAGE PARK,60632
209,834700,17031834700,8347.0,68,ENGLEWOOD,60621
210,151001,17031151001,1510.01,15,PORTAGE PARK,60641
211,151002,17031151002,1510.02,15,PORTAGE PARK,60641
212,160602,17031160602,1606.02,16,IRVING PARK,60618
213,140601,17031140601,1406.01,14,ALBANY PARK,60618
214,140601,17031140601,1406.01,14,ALBANY PARK,60625
215,140601,17031140601,1406.01,14,ALBANY PARK,6063
216,140701,17031140701,1407.01,14,ALBANY PARK,60625
217,140602,17031140602,1406.02,14,ALBANY PARK,60618
218,140602,17031140602,1406.02,14,ALBANY PARK,60625
219,390500,17031390500,3905.0,39,KENWOOD,60615
220,390500,17031390500,3905.0,39,KENWOOD,60653
221,841800,17031841800,8418.0,69,GREATER GRAND CROSSING,60619
222,841800,17031841800,8418.0,69,GREATER GRAND CROSSING,60637
223,842500,17031842500,8425.0,69,GREATER GRAND CROSSING,60621
224,842500,17031842500,8425.0,69,GREATER GRAND CROSSING,60637
225,842600,17031842600,8426.0,61,NEW CITY,60609
226,843500,17031843500,8435.0,30,SOUTH LAWNDALE,60608
227,843500,17031843500,8435.0,30,SOUTH LAWNDALE,60623
228,843400,17031843400,8434.0,29,NORTH LAWNDALE,60623
229,140302,17031140302,1403.02,14,ALBANY PARK,6063
230,140302,17031140302,1403.02,14,ALBANY PARK,60625
231,110501,17031110501,1105.01,11,JEFFERSON PARK,6063
232,390400,17031390400,3904.0,39,KENWOOD,60615
233,390400,17031390400,3904.0,39,KENWOOD,60653
234,843200,17031843200,8432.0,31,LOWER WEST SIDE,60616
235,843200,17031843200,8432.0,31,LOWER WEST SIDE,60608
236,840800,17031840800,8408.0,30,SOUTH LAWNDALE,60623
237,110502,17031110502,1105.02,11,JEFFERSON PARK,6063
238,760802,17031760802,7608.02,76,OHARE,60634
239,760802,17031760802,7608.02,76,OHARE,60656
240,150502,17031150502,1505.02,15,PORTAGE PARK,60634
241,150502,17031150502,1505.02,15,PORTAGE PARK,6063
242,843100,17031843100,8431.0,29,NORTH LAWNDALE,60623
243,843100,17031843100,8431.0,29,NORTH LAWNDALE,60612
244,843100,17031843100,8431.0,29,NORTH LAWNDALE,60608
245,834300,17031834300,8343.0,45,AVALON PARK,60619
246,834300,17031834300,8343.0,45,AVALON PARK,60617
247,843900,17031843900,8439.0,42,WOODLAWN,60637
248,843900,17031843900,8439.0,42,WOODLAWN,60649
249,831200,17031831200,8312.0,20,HERMOSA,60647
250,831200,17031831200,8312.0,20,HERMOSA,60639
251,831600,17031831600,8316.0,18,MONTCLARE,60707
252,831500,17031831500,8315.0,19,BELMONT CRAGIN,60707
253,831500,17031831500,8315.0,19,BELMONT CRAGIN,60634
254,831500,17031831500,8315.0,19,BELMONT CRAGIN,60639
255,831100,17031831100,8311.0,21,AVONDALE,60618
256,831100,17031831100,8311.0,21,AVONDALE,60641
257,831700,17031831700,8317.0,15,PORTAGE PARK,60641
258,831700,17031831700,8317.0,15,PORTAGE PARK,6063
259,271500,17031271500,2715.0,27,EAST GARFIELD PARK,60624
260,440202,17031440202,4402.02,44,CHATHAM,60619
261,440102,17031440102,4401.02,44,CHATHAM,60619
262,430102,17031430102,4301.02,43,SOUTH SHORE,60649
263,30702,17031030702,307.02,77,EDGEWATER,6064
264,30603,17031030603,306.03,77,EDGEWATER,6066
265,30701,17031030701,307.01,77,EDGEWATER,6064
266,30701,17031030701,307.01,77,EDGEWATER,6066
267,836300,17031836300,8363.0,41,HYDE PARK,60615
268,838300,17031838300,8383.0,8,NEAR NORTH SIDE,6061
269,839800,17031839800,8398.0,60,BRIDGEPORT,60608
270,839800,17031839800,8398.0,60,BRIDGEPORT,60616
271,836600,17031836600,8366.0,23,HUMBOLDT PARK,60622
272,836600,17031836600,8366.0,23,HUMBOLDT PARK,60651
273,836600,17031836600,8366.0,23,HUMBOLDT PARK,60624
274,730202,17031730202,7302.02,73,WASHINGTON HEIGHTS,60643
275,730202,17031730202,7302.02,73,WASHINGTON HEIGHTS,6062
276,430101,17031430101,4301.01,43,SOUTH SHORE,60649
277,63302,17031063302,633.02,6,LAKE VIEW,60614
278,63302,17031063302,633.02,6,LAKE VIEW,60657
279,836200,17031836200,8362.0,41,HYDE PARK,60615
280,836200,17031836200,8362.0,41,HYDE PARK,60637
281,71400,17031071400,714.0,7,LINCOLN PARK,60614
282,840100,17031840100,8401.0,60,BRIDGEPORT,60616
283,580502,17031580502,5805.02,58,BRIGHTON PARK,60632
284,841400,17031841400,8414.0,29,NORTH LAWNDALE,nan
285,81401,17031081401,814.01,8,NEAR NORTH SIDE,60611
286,81403,17031081403,814.03,8,NEAR NORTH SIDE,60611
287,30703,17031030703,307.03,77,EDGEWATER,6064
288,836000,17031836000,8360.0,38,GRAND BOULEVARD,60653
289,835800,17031835800,8358.0,38,GRAND BOULEVARD,60653
290,835800,17031835800,8358.0,38,GRAND BOULEVARD,60615
291,835900,17031835900,8359.0,38,GRAND BOULEVARD,nan
292,834500,17031834500,8345.0,40,WASHINGTON PARK,60621
293,834500,17031834500,8345.0,40,WASHINGTON PARK,60637
294,843600,17031843600,8436.0,38,GRAND BOULEVARD,60653
295,843600,17031843600,8436.0,38,GRAND BOULEVARD,60615
296,580501,17031580501,5805.01,58,BRIGHTON PARK,60632
297,834600,17031834600,8346.0,68,ENGLEWOOD,60621
298,831800,17031831800,8318.0,13,NORTH PARK,6063
299,831800,17031831800,8318.0,13,NORTH PARK,60625
300,831800,17031831800,8318.0,13,NORTH PARK,60659
301,71600,17031071600,716.0,7,LINCOLN PARK,60614
302,832600,17031832600,8326.0,7,LINCOLN PARK,60642
303,832600,17031832600,8326.0,7,LINCOLN PARK,60614
304,61901,17031061901,619.01,6,LAKE VIEW,60657
305,839900,17031839900,8399.0,60,BRIDGEPORT,60616
306,839900,17031839900,8399.0,60,BRIDGEPORT,60609
307,30104,17031030104,301.04,77,EDGEWATER,6066
308,770602,17031770602,7706.02,76,OHARE,60666
309,770602,17031770602,7706.02,76,OHARE,60018
310,839700,17031839700,8397.0,60,BRIDGEPORT,60608
311,839700,17031839700,8397.0,60,BRIDGEPORT,60616
312,839700,17031839700,8397.0,60,BRIDGEPORT,60609
313,835200,17031835200,8352.0,56,GARFIELD RIDGE,60632
314,835200,17031835200,8352.0,56,GARFIELD RIDGE,60638
315,833900,17031833900,8339.0,46,SOUTH CHICAGO,60617
316,836800,17031836800,8368.0,27,EAST GARFIELD PARK,60624
317,836800,17031836800,8368.0,27,EAST GARFIELD PARK,60612
318,838800,17031838800,8388.0,51,SOUTH DEERING,60628
319,838800,17031838800,8388.0,51,SOUTH DEERING,60633
320,838800,17031838800,8388.0,51,SOUTH DEERING,60617
321,836700,17031836700,8367.0,23,HUMBOLDT PARK,60624
322,836700,17031836700,8367.0,23,HUMBOLDT PARK,60612
323,836700,17031836700,8367.0,23,HUMBOLDT PARK,60651
324,836700,17031836700,8367.0,23,HUMBOLDT PARK,60622
325,832200,17031832200,8322.0,22,LOGAN SQUARE,60614
326,832200,17031832200,8322.0,22,LOGAN SQUARE,60647
327,252201,17031252201,2522.01,25,AUSTIN,60644
328,831000,17031831000,8310.0,22,LOGAN SQUARE,60622
329,831000,17031831000,8310.0,22,LOGAN SQUARE,60647
330,832400,17031832400,8324.0,22,LOGAN SQUARE,60647
331,70103,17031070103,701.03,7,LINCOLN PARK,60614
332,220701,17031220701,2207.01,22,LOGAN SQUARE,60647
333,841600,17031841600,8416.0,29,NORTH LAWNDALE,nan
334,770902,17031770902,7709.02,76,OHARE,60656
335,770902,17031770902,7709.02,76,OHARE,60706
336,660301,17031660301,6603.01,66,CHICAGO LAWN,60629
337,660302,17031660302,6603.02,66,CHICAGO LAWN,60629
338,301802,17031301802,3018.02,30,SOUTH LAWNDALE,60623
339,834000,17031834000,8340.0,49,ROSELAND,6062
340,834000,17031834000,8340.0,49,ROSELAND,60628
341,834200,17031834200,8342.0,43,SOUTH SHORE,60619
342,834200,17031834200,8342.0,43,SOUTH SHORE,60649
343,730201,17031730201,7302.01,73,WASHINGTON HEIGHTS,60643
344,730201,17031730201,7302.01,73,WASHINGTON HEIGHTS,6062
345,835500,17031835500,8355.0,37,FULLER PARK,60609
346,839500,17031839500,8395.0,35,DOUGLAS,60616
347,839200,17031839200,8392.0,35,DOUGLAS,60616
348,530502,17031530502,5305.02,53,WEST PULLMAN,60628
349,840400,17031840400,8404.0,59,MCKINLEY PARK,60608
350,840400,17031840400,8404.0,59,MCKINLEY PARK,60609
351,841000,17031841000,8410.0,33,NEAR SOUTH SIDE,60616
352,30101,17031030101,301.01,77,EDGEWATER,6066
353,700302,17031700302,7003.02,70,ASHBURN,60652
354,700402,17031700402,7004.02,70,ASHBURN,60652
355,700401,17031700401,7004.01,70,ASHBURN,60652
356,830500,17031830500,8305.0,30,SOUTH LAWNDALE,60632
357,830500,17031830500,8305.0,30,SOUTH LAWNDALE,60623
358,841700,17031841700,8417.0,30,SOUTH LAWNDALE,60623
359,640100,17031640100,6401.0,64,CLEARING,60629
360,840700,17031840700,8407.0,30,SOUTH LAWNDALE,60608
361,840700,17031840700,8407.0,30,SOUTH LAWNDALE,60623
362,841300,17031841300,8413.0,31,LOWER WEST SIDE,60608
363,301801,17031301801,3018.01,30,SOUTH LAWNDALE,60623
364,60800,17031060800,608.0,6,LAKE VIEW,60613
365,832300,17031832300,8323.0,22,LOGAN SQUARE,60622
366,832300,17031832300,8323.0,22,LOGAN SQUARE,60614
367,832300,17031832300,8323.0,22,LOGAN SQUARE,60642
368,832300,17031832300,8323.0,22,LOGAN SQUARE,60647
369,832500,17031832500,8325.0,7,LINCOLN PARK,60614
370,832000,17031832000,8320.0,6,LAKE VIEW,60657
371,832000,17031832000,8320.0,6,LAKE VIEW,60613
372,160601,17031160601,1606.01,16,IRVING PARK,60618
373,210501,17031210501,2105.01,21,AVONDALE,60618
374,210501,17031210501,2105.01,21,AVONDALE,60641
375,210601,17031210601,2106.01,21,AVONDALE,60618
376,81300,17031081300,813.0,8,NEAR NORTH SIDE,60611
377,700502,17031700502,7005.02,70,ASHBURN,60652
378,700502,17031700502,7005.02,70,ASHBURN,6062
379,836100,17031836100,8361.0,40,WASHINGTON PARK,60615
380,836100,17031836100,8361.0,40,WASHINGTON PARK,60609
381,835700,17031835700,8357.0,38,GRAND BOULEVARD,nan
382,61100,17031061100,611.0,6,LAKE VIEW,60613
383,836400,17031836400,8364.0,36,OAKLAND,60653
384,836500,17031836500,8365.0,36,OAKLAND,60653
385,839600,17031839600,8396.0,35,DOUGLAS,60653
386,839600,17031839600,8396.0,35,DOUGLAS,60616
387,840000,17031840000,8400.0,60,BRIDGEPORT,60609
388,840000,17031840000,8400.0,60,BRIDGEPORT,60616
389,835600,17031835600,8356.0,37,FULLER PARK,60609
390,830800,17031830800,8308.0,4,LINCOLN SQUARE,60613
391,830800,17031830800,8308.0,4,LINCOLN SQUARE,60625
392,830800,17031830800,8308.0,4,LINCOLN SQUARE,6064
393,460301,17031460301,4603.01,46,SOUTH CHICAGO,60617
394,301701,17031301701,3017.01,30,SOUTH LAWNDALE,60623
395,310400,17031310400,3104.0,31,LOWER WEST SIDE,60608
396,530100,17031530100,5301.0,53,WEST PULLMAN,60628
397,81100,17031081100,811.0,8,NEAR NORTH SIDE,60654
398,81100,17031081100,811.0,8,NEAR NORTH SIDE,6061
399,150700,17031150700,1507.0,15,PORTAGE PARK,60634
400,150700,17031150700,1507.0,15,PORTAGE PARK,60641
401,301702,17031301702,3017.02,30,SOUTH LAWNDALE,60623
402,700301,17031700301,7003.01,70,ASHBURN,60652
403,490902,17031490902,4909.02,49,ROSELAND,60628
404,61800,17031061800,618.0,6,LAKE VIEW,60657
405,61800,17031061800,618.0,6,LAKE VIEW,60613
406,490901,17031490901,4909.01,49,ROSELAND,60628
407,650302,17031650302,6503.02,65,WEST LAWN,60629
408,831900,17031831900,8319.0,6,LAKE VIEW,60613
409,831900,17031831900,8319.0,6,LAKE VIEW,60657
410,830600,17031830600,8306.0,1,ROGERS PARK,60626
411,830600,17031830600,8306.0,1,ROGERS PARK,6066
412,830900,17031830900,8309.0,22,LOGAN SQUARE,60647
413,830900,17031830900,8309.0,22,LOGAN SQUARE,60618
414,830900,17031830900,8309.0,22,LOGAN SQUARE,60614
415,830700,17031830700,8307.0,3,UPTOWN,6064
416,830700,17031830700,8307.0,3,UPTOWN,60613
417,300900,17031300900,3009.0,30,SOUTH LAWNDALE,60623
418,700501,17031700501,7005.01,70,ASHBURN,60652
419,700501,17031700501,7005.01,70,ASHBURN,6062
420,460302,17031460302,4603.02,46,SOUTH CHICAGO,60617
421,460302,17031460302,4603.02,46,SOUTH CHICAGO,60649
422,431302,17031431302,4313.02,43,SOUTH SHORE,60649
423,222900,17031222900,2229.0,22,LOGAN SQUARE,60647
424,431301,17031431301,4313.01,43,SOUTH SHORE,60649
425,440101,17031440101,4401.01,44,CHATHAM,60619
426,301803,17031301803,3018.03,30,SOUTH LAWNDALE,60623
427,310200,17031310200,3102.0,31,LOWER WEST SIDE,60608
428,310200,17031310200,3102.0,31,LOWER WEST SIDE,60616
429,310300,17031310300,3103.0,31,LOWER WEST SIDE,60608
430,310500,17031310500,3105.0,31,LOWER WEST SIDE,60608
431,510300,17031510300,5103.0,51,SOUTH DEERING,60617
432,510300,17031510300,5103.0,51,SOUTH DEERING,60619
433,491400,17031491400,4914.0,49,ROSELAND,60628
434,500200,17031500200,5002.0,50,PULLMAN,60628
435,530200,17031530200,5302.0,53,WEST PULLMAN,60628
436,740100,17031740100,7401.0,74,MOUNT GREENWOOD,60655
437,740100,17031740100,7401.0,74,MOUNT GREENWOOD,60803
438,140500,17031140500,1405.0,14,ALBANY PARK,60641
439,140500,17031140500,1405.0,14,ALBANY PARK,6063
440,140800,17031140800,1408.0,14,ALBANY PARK,60618
441,140800,17031140800,1408.0,14,ALBANY PARK,60625
442,301100,17031301100,3011.0,30,SOUTH LAWNDALE,60623
443,301100,17031301100,3011.0,30,SOUTH LAWNDALE,60608
444,150200,17031150200,1502.0,15,PORTAGE PARK,60641
445,150200,17031150200,1502.0,15,PORTAGE PARK,6063
446,150300,17031150300,1503.0,15,PORTAGE PARK,60634
447,150300,17031150300,1503.0,15,PORTAGE PARK,60641
448,150300,17031150300,1503.0,15,PORTAGE PARK,6063
449,301200,17031301200,3012.0,30,SOUTH LAWNDALE,60608
450,740400,17031740400,7404.0,74,MOUNT GREENWOOD,60655
451,20400,17031020400,204.0,2,WEST RIDGE,60645
452,640300,17031640300,6403.0,64,CLEARING,60638
453,640600,17031640600,6406.0,64,CLEARING,60638
454,10400,17031010400,104.0,1,ROGERS PARK,6066
455,10400,17031010400,104.0,1,ROGERS PARK,60626
456,71800,17031071800,718.0,7,LINCOLN PARK,60614
457,71800,17031071800,718.0,7,LINCOLN PARK,6061
458,160300,17031160300,1603.0,16,IRVING PARK,60618
459,160300,17031160300,1603.0,16,IRVING PARK,60641
460,310700,17031310700,3107.0,31,LOWER WEST SIDE,60608
461,71500,17031071500,715.0,7,LINCOLN PARK,6061
462,71500,17031071500,715.0,7,LINCOLN PARK,60614
463,71700,17031071700,717.0,7,LINCOLN PARK,6061
464,71700,17031071700,717.0,7,LINCOLN PARK,60614
465,671200,17031671200,6712.0,67,WEST ENGLEWOOD,60636
466,670500,17031670500,6705.0,67,WEST ENGLEWOOD,60636
467,670600,17031670600,6706.0,67,WEST ENGLEWOOD,60636
468,670700,17031670700,6707.0,67,WEST ENGLEWOOD,60636
469,670800,17031670800,6708.0,67,WEST ENGLEWOOD,60636
470,670900,17031670900,6709.0,67,WEST ENGLEWOOD,60636
471,671100,17031671100,6711.0,67,WEST ENGLEWOOD,60636
472,671300,17031671300,6713.0,67,WEST ENGLEWOOD,60636
473,671400,17031671400,6714.0,67,WEST ENGLEWOOD,60636
474,671500,17031671500,6715.0,67,WEST ENGLEWOOD,60636
475,671600,17031671600,6716.0,67,WEST ENGLEWOOD,60636
476,670100,17031670100,6701.0,67,WEST ENGLEWOOD,60636
477,230500,17031230500,2305.0,23,HUMBOLDT PARK,60639
478,230600,17031230600,2306.0,23,HUMBOLDT PARK,60651
479,230600,17031230600,2306.0,23,HUMBOLDT PARK,60639
480,240600,17031240600,2406.0,24,WEST TOWN,60647
481,241000,17031241000,2410.0,24,WEST TOWN,60622
482,241000,17031241000,2410.0,24,WEST TOWN,60647
483,191000,17031191000,1910.0,19,BELMONT CRAGIN,60639
484,80300,17031080300,803.0,8,NEAR NORTH SIDE,6061
485,300800,17031300800,3008.0,30,SOUTH LAWNDALE,60623
486,650200,17031650200,6502.0,65,WEST LAWN,60629
487,660500,17031660500,6605.0,66,CHICAGO LAWN,60629
488,221400,17031221400,2214.0,22,LOGAN SQUARE,60647
489,161000,17031161000,1610.0,16,IRVING PARK,60618
490,161000,17031161000,1610.0,16,IRVING PARK,60641
491,340600,17031340600,3406.0,34,ARMOUR SQUARE,60616
492,340600,17031340600,3406.0,34,ARMOUR SQUARE,60609
493,240500,17031240500,2405.0,24,WEST TOWN,60647
494,240700,17031240700,2407.0,24,WEST TOWN,60647
495,240800,17031240800,2408.0,24,WEST TOWN,60647
496,240900,17031240900,2409.0,24,WEST TOWN,60622
497,240900,17031240900,2409.0,24,WEST TOWN,60651
498,241100,17031241100,2411.0,24,WEST TOWN,60622
499,241100,17031241100,2411.0,24,WEST TOWN,60647
500,190300,17031190300,1903.0,19,BELMONT CRAGIN,60639
501,190300,17031190300,1903.0,19,BELMONT CRAGIN,60641
502,190300,17031190300,1903.0,19,BELMONT CRAGIN,60634
503,190800,17031190800,1908.0,19,BELMONT CRAGIN,60639
504,190900,17031190900,1909.0,19,BELMONT CRAGIN,60639
505,191100,17031191100,1911.0,19,BELMONT CRAGIN,60639
506,191200,17031191200,1912.0,19,BELMONT CRAGIN,60639
507,80100,17031080100,801.0,8,NEAR NORTH SIDE,60654
508,80100,17031080100,801.0,8,NEAR NORTH SIDE,6061
509,80400,17031080400,804.0,8,NEAR NORTH SIDE,6061
510,81000,17031081000,810.0,8,NEAR NORTH SIDE,60654
511,81000,17031081000,810.0,8,NEAR NORTH SIDE,6061
512,150600,17031150600,1506.0,15,PORTAGE PARK,60634
513,301600,17031301600,3016.0,30,SOUTH LAWNDALE,60623
514,20500,17031020500,205.0,2,WEST RIDGE,60645
515,20500,17031020500,205.0,2,WEST RIDGE,6066
516,20500,17031020500,205.0,2,WEST RIDGE,60659
517,20500,17031020500,205.0,2,WEST RIDGE,60626
518,821402,17031821402,8214.02,53,WEST PULLMAN,60827
519,821402,17031821402,8214.02,53,WEST PULLMAN,60406
520,750300,17031750300,7503.0,75,MORGAN PARK,60643
521,750300,17031750300,7503.0,75,MORGAN PARK,60655
522,640800,17031640800,6408.0,64,CLEARING,60638
523,640800,17031640800,6408.0,64,CLEARING,60629
524,750100,17031750100,7501.0,75,MORGAN PARK,60643
525,750100,17031750100,7501.0,75,MORGAN PARK,60628
526,740200,17031740200,7402.0,74,MOUNT GREENWOOD,60655
527,650400,17031650400,6504.0,65,WEST LAWN,60629
528,650500,17031650500,6505.0,65,WEST LAWN,60629
529,650500,17031650500,6505.0,65,WEST LAWN,60652
530,660600,17031660600,6606.0,66,CHICAGO LAWN,60629
531,660600,17031660600,6606.0,66,CHICAGO LAWN,60636
532,221100,17031221100,2211.0,22,LOGAN SQUARE,60647
533,221300,17031221300,2213.0,22,LOGAN SQUARE,60647
534,221500,17031221500,2215.0,22,LOGAN SQUARE,60647
535,20100,17031020100,201.0,2,WEST RIDGE,60645
536,221600,17031221600,2216.0,22,LOGAN SQUARE,60647
537,160800,17031160800,1608.0,16,IRVING PARK,60618
538,160900,17031160900,1609.0,16,IRVING PARK,60618
539,160900,17031160900,1609.0,16,IRVING PARK,60641
540,222800,17031222800,2228.0,22,LOGAN SQUARE,60647
541,161100,17031161100,1611.0,16,IRVING PARK,60641
542,161200,17031161200,1612.0,16,IRVING PARK,60641
543,161300,17031161300,1613.0,16,IRVING PARK,60641
544,650100,17031650100,6501.0,65,WEST LAWN,60629
545,330200,17031330200,3302.0,33,NEAR SOUTH SIDE,60616
546,330200,17031330200,3302.0,33,NEAR SOUTH SIDE,60605
547,330200,17031330200,3302.0,33,NEAR SOUTH SIDE,60668
548,420600,17031420600,4206.0,42,WOODLAWN,60637
549,420700,17031420700,4207.0,42,WOODLAWN,60637
550,661000,17031661000,6610.0,66,CHICAGO LAWN,60636
551,661000,17031661000,6610.0,66,CHICAGO LAWN,60629
552,823304,17031823304,8233.04,75,MORGAN PARK,60655
553,823304,17031823304,8233.04,75,MORGAN PARK,60803
554,10100,17031010100,101.0,1,ROGERS PARK,60626
555,230300,17031230300,2303.0,23,HUMBOLDT PARK,60647
556,640400,17031640400,6404.0,64,CLEARING,60638
557,640500,17031640500,6405.0,64,CLEARING,60638
558,640700,17031640700,6407.0,64,CLEARING,60638
559,151200,17031151200,1512.0,15,PORTAGE PARK,60634
560,310800,17031310800,3108.0,31,LOWER WEST SIDE,60608
561,660400,17031660400,6604.0,66,CHICAGO LAWN,60629
562,670400,17031670400,6704.0,67,WEST ENGLEWOOD,60636
563,340400,17031340400,3404.0,34,ARMOUR SQUARE,60616
564,420800,17031420800,4208.0,42,WOODLAWN,60637
565,421200,17031421200,4212.0,42,WOODLAWN,60637
566,661100,17031661100,6611.0,66,CHICAGO LAWN,60629
567,222500,17031222500,2225.0,22,LOGAN SQUARE,60647
568,190200,17031190200,1902.0,19,BELMONT CRAGIN,60639
569,190200,17031190200,1902.0,19,BELMONT CRAGIN,60641
570,390600,17031390600,3906.0,39,KENWOOD,60615
571,10300,17031010300,103.0,1,ROGERS PARK,60626
572,10600,17031010600,106.0,1,ROGERS PARK,60626
573,10600,17031010600,106.0,1,ROGERS PARK,6066
574,20200,17031020200,202.0,2,WEST RIDGE,60645
575,150800,17031150800,1508.0,15,PORTAGE PARK,60641
576,151100,17031151100,1511.0,15,PORTAGE PARK,60634
577,151100,17031151100,1511.0,15,PORTAGE PARK,60641
578,230100,17031230100,2301.0,23,HUMBOLDT PARK,60647
579,160100,17031160100,1601.0,16,IRVING PARK,6063
580,160100,17031160100,1601.0,16,IRVING PARK,60641
581,160200,17031160200,1602.0,16,IRVING PARK,6063
582,160200,17031160200,1602.0,16,IRVING PARK,60641
583,160400,17031160400,1604.0,16,IRVING PARK,60618
584,160400,17031160400,1604.0,16,IRVING PARK,60641
585,310600,17031310600,3106.0,31,LOWER WEST SIDE,60608
586,310900,17031310900,3109.0,31,LOWER WEST SIDE,60608
587,320400,17031320400,3204.0,32,LOOP,60603
588,320400,17031320400,3204.0,32,LOOP,60687
589,320400,17031320400,3204.0,32,LOOP,60685
590,320400,17031320400,3204.0,32,LOOP,60604
591,320400,17031320400,3204.0,32,LOOP,60602
592,320400,17031320400,3204.0,32,LOOP,60605
593,61500,17031061500,615.0,6,LAKE VIEW,60657
594,61500,17031061500,615.0,6,LAKE VIEW,60613
595,320600,17031320600,3206.0,32,LOOP,60605
596,740300,17031740300,7403.0,74,MOUNT GREENWOOD,60655
597,660700,17031660700,6607.0,66,CHICAGO LAWN,60636
598,222700,17031222700,2227.0,22,LOGAN SQUARE,60647
599,221200,17031221200,2212.0,22,LOGAN SQUARE,60647
600,160700,17031160700,1607.0,16,IRVING PARK,60618
601,222200,17031222200,2222.0,22,LOGAN SQUARE,60647
602,340500,17031340500,3405.0,34,ARMOUR SQUARE,60616
603,330100,17031330100,3301.0,33,NEAR SOUTH SIDE,nan
604,340300,17031340300,3403.0,34,ARMOUR SQUARE,60616
605,350400,17031350400,3504.0,35,DOUGLAS,60616
606,750500,17031750500,7505.0,75,MORGAN PARK,60643
607,750400,17031750400,7504.0,75,MORGAN PARK,60643
608,750400,17031750400,7504.0,75,MORGAN PARK,60655
609,750200,17031750200,7502.0,75,MORGAN PARK,60643
610,430200,17031430200,4302.0,43,SOUTH SHORE,60649
611,660800,17031660800,6608.0,66,CHICAGO LAWN,60629
612,660800,17031660800,6608.0,66,CHICAGO LAWN,60636
613,660900,17031660900,6609.0,66,CHICAGO LAWN,60629
614,660900,17031660900,6609.0,66,CHICAGO LAWN,60636
615,670200,17031670200,6702.0,67,WEST ENGLEWOOD,60636
616,670300,17031670300,6703.0,67,WEST ENGLEWOOD,60636
617,222600,17031222600,2226.0,22,LOGAN SQUARE,60647
618,230400,17031230400,2304.0,23,HUMBOLDT PARK,60647
619,230400,17031230400,2304.0,23,HUMBOLDT PARK,60639
620,170400,17031170400,1704.0,17,DUNNING,60634
621,380700,17031380700,3807.0,38,GRAND BOULEVARD,nan
622,381900,17031381900,3819.0,38,GRAND BOULEVARD,60615
623,390200,17031390200,3902.0,39,KENWOOD,60653
624,171000,17031171000,1710.0,17,DUNNING,60634
625,180100,17031180100,1801.0,18,MONTCLARE,60707
626,180100,17031180100,1801.0,18,MONTCLARE,60634
627,390300,17031390300,3903.0,39,KENWOOD,60653
628,390700,17031390700,3907.0,39,KENWOOD,60615
629,400300,17031400300,4003.0,40,WASHINGTON PARK,60637
630,400300,17031400300,4003.0,40,WASHINGTON PARK,60615
631,400300,17031400300,4003.0,40,WASHINGTON PARK,60609
632,400400,17031400400,4004.0,40,WASHINGTON PARK,60637
633,400500,17031400500,4005.0,40,WASHINGTON PARK,60621
634,400500,17031400500,4005.0,40,WASHINGTON PARK,60637
635,400800,17031400800,4008.0,40,WASHINGTON PARK,60621
636,400800,17031400800,4008.0,40,WASHINGTON PARK,60637
637,410100,17031410100,4101.0,41,HYDE PARK,60615
638,440300,17031440300,4403.0,44,CHATHAM,60619
639,440700,17031440700,4407.0,44,CHATHAM,60619
640,430800,17031430800,4308.0,43,SOUTH SHORE,60649
641,671800,17031671800,6718.0,67,WEST ENGLEWOOD,60636
642,680500,17031680500,6805.0,68,ENGLEWOOD,60621
643,680500,17031680500,6805.0,68,ENGLEWOOD,60636
644,681100,17031681100,6811.0,68,ENGLEWOOD,60636
645,681100,17031681100,6811.0,68,ENGLEWOOD,60621
646,200100,17031200100,2001.0,20,HERMOSA,60641
647,200100,17031200100,2001.0,20,HERMOSA,60639
648,410200,17031410200,4102.0,41,HYDE PARK,60615
649,680600,17031680600,6806.0,68,ENGLEWOOD,60636
650,680600,17031680600,6806.0,68,ENGLEWOOD,60621
651,170600,17031170600,1706.0,17,DUNNING,60634
652,380500,17031380500,3805.0,38,GRAND BOULEVARD,nan
653,381700,17031381700,3817.0,38,GRAND BOULEVARD,60609
654,430300,17031430300,4303.0,43,SOUTH SHORE,60637
655,430300,17031430300,4303.0,43,SOUTH SHORE,60649
656,430300,17031430300,4303.0,43,SOUTH SHORE,60619
657,430700,17031430700,4307.0,43,SOUTH SHORE,60649
658,430900,17031430900,4309.0,43,SOUTH SHORE,60649
659,431200,17031431200,4312.0,43,SOUTH SHORE,60649
660,431400,17031431400,4314.0,43,SOUTH SHORE,60649
661,230800,17031230800,2308.0,23,HUMBOLDT PARK,60647
662,230800,17031230800,2308.0,23,HUMBOLDT PARK,60651
663,231100,17031231100,2311.0,23,HUMBOLDT PARK,60651
664,170900,17031170900,1709.0,17,DUNNING,60634
665,170900,17031170900,1709.0,17,DUNNING,60707
666,210100,17031210100,2101.0,21,AVONDALE,60618
667,420200,17031420200,4202.0,42,WOODLAWN,60637
668,420300,17031420300,4203.0,42,WOODLAWN,60637
669,440600,17031440600,4406.0,44,CHATHAM,60619
670,440800,17031440800,4408.0,44,CHATHAM,60619
671,440900,17031440900,4409.0,44,CHATHAM,60619
672,560400,17031560400,5604.0,56,GARFIELD RIDGE,60632
673,450300,17031450300,4503.0,45,AVALON PARK,60617
674,671900,17031671900,6719.0,67,WEST ENGLEWOOD,60636
675,672000,17031672000,6720.0,67,WEST ENGLEWOOD,60636
676,680900,17031680900,6809.0,68,ENGLEWOOD,60621
677,681000,17031681000,6810.0,68,ENGLEWOOD,60636
678,681000,17031681000,6810.0,68,ENGLEWOOD,60621
679,240200,17031240200,2402.0,24,WEST TOWN,60622
680,240300,17031240300,2403.0,24,WEST TOWN,60622
681,240300,17031240300,2403.0,24,WEST TOWN,60647
682,200200,17031200200,2002.0,20,HERMOSA,60639
683,410500,17031410500,4105.0,41,HYDE PARK,60615
684,410600,17031410600,4106.0,41,HYDE PARK,60615
685,170100,17031170100,1701.0,17,DUNNING,60634
686,170100,17031170100,1701.0,17,DUNNING,60706
687,170200,17031170200,1702.0,17,DUNNING,60634
688,170300,17031170300,1703.0,17,DUNNING,60634
689,381800,17031381800,3818.0,38,GRAND BOULEVARD,60609
690,381800,17031381800,3818.0,38,GRAND BOULEVARD,60615
691,170500,17031170500,1705.0,17,DUNNING,60634
692,351400,17031351400,3514.0,35,DOUGLAS,60609
693,351400,17031351400,3514.0,35,DOUGLAS,60653
694,351400,17031351400,3514.0,35,DOUGLAS,60616
695,381200,17031381200,3812.0,38,GRAND BOULEVARD,60615
696,381200,17031381200,3812.0,38,GRAND BOULEVARD,60653
697,381400,17031381400,3814.0,38,GRAND BOULEVARD,60609
698,381400,17031381400,3814.0,38,GRAND BOULEVARD,60653
699,381400,17031381400,3814.0,38,GRAND BOULEVARD,60615
700,390100,17031390100,3901.0,39,KENWOOD,60653
701,430400,17031430400,4304.0,43,SOUTH SHORE,60649
702,430400,17031430400,4304.0,43,SOUTH SHORE,60619
703,430500,17031430500,4305.0,43,SOUTH SHORE,60619
704,430500,17031430500,4305.0,43,SOUTH SHORE,60649
705,430600,17031430600,4306.0,43,SOUTH SHORE,60649
706,230700,17031230700,2307.0,23,HUMBOLDT PARK,60647
707,230700,17031230700,2307.0,23,HUMBOLDT PARK,60651
708,230900,17031230900,2309.0,23,HUMBOLDT PARK,60647
709,230900,17031230900,2309.0,23,HUMBOLDT PARK,60651
710,231200,17031231200,2312.0,23,HUMBOLDT PARK,60651
711,170700,17031170700,1707.0,17,DUNNING,60634
712,170800,17031170800,1708.0,17,DUNNING,60634
713,171100,17031171100,1711.0,17,DUNNING,60634
714,190100,17031190100,1901.0,19,BELMONT CRAGIN,60639
715,190100,17031190100,1901.0,19,BELMONT CRAGIN,60641
716,242200,17031242200,2422.0,24,WEST TOWN,60622
717,200300,17031200300,2003.0,20,HERMOSA,60639
718,210400,17031210400,2104.0,21,AVONDALE,60641
719,210400,17031210400,2104.0,21,AVONDALE,60639
720,220300,17031220300,2203.0,22,LOGAN SQUARE,60647
721,210700,17031210700,2107.0,21,AVONDALE,60618
722,210700,17031210700,2107.0,21,AVONDALE,60647
723,210800,17031210800,2108.0,21,AVONDALE,60647
724,210800,17031210800,2108.0,21,AVONDALE,60618
725,210900,17031210900,2109.0,21,AVONDALE,60618
726,210900,17031210900,2109.0,21,AVONDALE,60647
727,420100,17031420100,4201.0,42,WOODLAWN,60637
728,420400,17031420400,4204.0,42,WOODLAWN,60637
729,420500,17031420500,4205.0,42,WOODLAWN,60637
730,691300,17031691300,6913.0,69,GREATER GRAND CROSSING,60619
731,31700,17031031700,317.0,3,UPTOWN,60613
732,31700,17031031700,317.0,3,UPTOWN,6064
733,470100,17031470100,4701.0,47,BURNSIDE,60619
734,480100,17031480100,4801.0,48,CALUMET HEIGHTS,60617
735,691000,17031691000,6910.0,69,GREATER GRAND CROSSING,60619
736,242300,17031242300,2423.0,24,WEST TOWN,60622
737,411100,17031411100,4111.0,41,HYDE PARK,60637
738,411100,17031411100,4111.0,41,HYDE PARK,60615
739,460400,17031460400,4604.0,46,SOUTH CHICAGO,60649
740,460400,17031460400,4604.0,46,SOUTH CHICAGO,60617
741,681200,17031681200,6812.0,68,ENGLEWOOD,60621
742,690500,17031690500,6905.0,69,GREATER GRAND CROSSING,60637
743,690500,17031690500,6905.0,69,GREATER GRAND CROSSING,60619
744,241400,17031241400,2414.0,24,WEST TOWN,60622
745,241400,17031241400,2414.0,24,WEST TOWN,60647
746,241500,17031241500,2415.0,24,WEST TOWN,60622
747,241600,17031241600,2416.0,24,WEST TOWN,60622
748,241600,17031241600,2416.0,24,WEST TOWN,60642
749,242000,17031242000,2420.0,24,WEST TOWN,60642
750,242000,17031242000,2420.0,24,WEST TOWN,60622
751,243300,17031243300,2433.0,24,WEST TOWN,60642
752,243300,17031243300,2433.0,24,WEST TOWN,60622
753,491200,17031491200,4912.0,49,ROSELAND,60628
754,480300,17031480300,4803.0,48,CALUMET HEIGHTS,60619
755,480300,17031480300,4803.0,48,CALUMET HEIGHTS,60617
756,710800,17031710800,7108.0,71,AUBURN GRESHAM,6062
757,711300,17031711300,7113.0,71,AUBURN GRESHAM,6062
758,10202,17031010202,102.02,1,ROGERS PARK,60626
759,480200,17031480200,4802.0,48,CALUMET HEIGHTS,60617
760,480200,17031480200,4802.0,48,CALUMET HEIGHTS,60619
761,480400,17031480400,4804.0,48,CALUMET HEIGHTS,60617
762,480500,17031480500,4805.0,48,CALUMET HEIGHTS,60617
763,241200,17031241200,2412.0,24,WEST TOWN,60647
764,241200,17031241200,2412.0,24,WEST TOWN,60622
765,691100,17031691100,6911.0,69,GREATER GRAND CROSSING,60621
766,691200,17031691200,6912.0,69,GREATER GRAND CROSSING,6062
767,691400,17031691400,6914.0,69,GREATER GRAND CROSSING,60619
768,51200,17031051200,512.0,5,NORTH CENTER,60618
769,51200,17031051200,512.0,5,NORTH CENTER,60657
770,691500,17031691500,6915.0,69,GREATER GRAND CROSSING,60619
771,700100,17031700100,7001.0,70,ASHBURN,60629
772,700100,17031700100,7001.0,70,ASHBURN,6062
773,700100,17031700100,7001.0,70,ASHBURN,60652
774,410700,17031410700,4107.0,41,HYDE PARK,60615
775,410800,17031410800,4108.0,41,HYDE PARK,60637
776,410800,17031410800,4108.0,41,HYDE PARK,60615
777,410900,17031410900,4109.0,41,HYDE PARK,60615
778,411000,17031411000,4110.0,41,HYDE PARK,60615
779,411000,17031411000,4110.0,41,HYDE PARK,60637
780,411200,17031411200,4112.0,41,HYDE PARK,60637
781,411200,17031411200,4112.0,41,HYDE PARK,60615
782,530600,17031530600,5306.0,53,WEST PULLMAN,60628
783,460100,17031460100,4601.0,46,SOUTH CHICAGO,60617
784,460100,17031460100,4601.0,46,SOUTH CHICAGO,60649
785,460200,17031460200,4602.0,46,SOUTH CHICAGO,60617
786,460500,17031460500,4605.0,46,SOUTH CHICAGO,60649
787,460500,17031460500,4605.0,46,SOUTH CHICAGO,60617
788,460600,17031460600,4606.0,46,SOUTH CHICAGO,nan
789,460700,17031460700,4607.0,46,SOUTH CHICAGO,nan
790,241300,17031241300,2413.0,24,WEST TOWN,60622
791,241300,17031241300,2413.0,24,WEST TOWN,60647
792,461000,17031461000,4610.0,46,SOUTH CHICAGO,60617
793,681300,17031681300,6813.0,68,ENGLEWOOD,60621
794,681300,17031681300,6813.0,68,ENGLEWOOD,6062
795,681400,17031681400,6814.0,68,ENGLEWOOD,60636
796,681400,17031681400,6814.0,68,ENGLEWOOD,60621
797,60100,17031060100,601.0,6,LAKE VIEW,60613
798,690300,17031690300,6903.0,69,GREATER GRAND CROSSING,60621
799,690400,17031690400,6904.0,69,GREATER GRAND CROSSING,60637
800,690400,17031690400,6904.0,69,GREATER GRAND CROSSING,60619
801,690900,17031690900,6909.0,69,GREATER GRAND CROSSING,60619
802,60200,17031060200,602.0,6,LAKE VIEW,60613
803,242100,17031242100,2421.0,24,WEST TOWN,60622
804,243100,17031243100,2431.0,24,WEST TOWN,60622
805,243200,17031243200,2432.0,24,WEST TOWN,60622
806,611600,17031611600,6116.0,61,NEW CITY,60609
807,243400,17031243400,2434.0,24,WEST TOWN,60642
808,243500,17031243500,2435.0,24,WEST TOWN,60654
809,243500,17031243500,2435.0,24,WEST TOWN,60642
810,711100,17031711100,7111.0,71,AUBURN GRESHAM,6062
811,250200,17031250200,2502.0,25,AUSTIN,60639
812,491000,17031491000,4910.0,49,ROSELAND,60628
813,491100,17031491100,4911.0,49,ROSELAND,60628
814,710100,17031710100,7101.0,71,AUBURN GRESHAM,6062
815,510100,17031510100,5101.0,51,SOUTH DEERING,60617
816,510200,17031510200,5102.0,51,SOUTH DEERING,60617
817,710300,17031710300,7103.0,71,AUBURN GRESHAM,6062
818,520200,17031520200,5202.0,52,EAST SIDE,60617
819,710900,17031710900,7109.0,71,AUBURN GRESHAM,6062
820,711000,17031711000,7110.0,71,AUBURN GRESHAM,6062
821,711200,17031711200,7112.0,71,AUBURN GRESHAM,6062
822,711400,17031711400,7114.0,71,AUBURN GRESHAM,6062
823,81402,17031081402,814.02,8,NEAR NORTH SIDE,60611
824,710600,17031710600,7106.0,71,AUBURN GRESHAM,6062
825,61902,17031061902,619.02,6,LAKE VIEW,60657
826,30200,17031030200,302.0,77,EDGEWATER,6066
827,30300,17031030300,303.0,77,EDGEWATER,6066
828,30400,17031030400,304.0,77,EDGEWATER,6066
829,30500,17031030500,305.0,77,EDGEWATER,6066
830,30800,17031030800,308.0,77,EDGEWATER,6064
831,30800,17031030800,308.0,77,EDGEWATER,6066
832,242400,17031242400,2424.0,24,WEST TOWN,60622
833,242500,17031242500,2425.0,24,WEST TOWN,60622
834,242600,17031242600,2426.0,24,WEST TOWN,60622
835,242700,17031242700,2427.0,24,WEST TOWN,60622
836,242800,17031242800,2428.0,24,WEST TOWN,60622
837,242800,17031242800,2428.0,24,WEST TOWN,60612
838,242900,17031242900,2429.0,24,WEST TOWN,60612
839,242900,17031242900,2429.0,24,WEST TOWN,60622
840,243000,17031243000,2430.0,24,WEST TOWN,60612
841,243000,17031243000,2430.0,24,WEST TOWN,60622
842,220400,17031220400,2204.0,22,LOGAN SQUARE,60647
843,220500,17031220500,2205.0,22,LOGAN SQUARE,60647
844,31800,17031031800,318.0,3,UPTOWN,6064
845,221000,17031221000,2210.0,22,LOGAN SQUARE,60647
846,810400,17031810400,8104.0,10,NORWOOD PARK,60656
847,810400,17031810400,8104.0,10,NORWOOD PARK,60631
848,810400,17031810400,8104.0,10,NORWOOD PARK,60068
849,31900,17031031900,319.0,3,UPTOWN,6064
850,31900,17031031900,319.0,3,UPTOWN,60613
851,520500,17031520500,5205.0,52,EAST SIDE,60617
852,720500,17031720500,7205.0,72,BEVERLY,60643
853,720500,17031720500,7205.0,72,BEVERLY,60655
854,490300,17031490300,4903.0,49,ROSELAND,nan
855,490400,17031490400,4904.0,49,ROSELAND,nan
856,350100,17031350100,3501.0,35,DOUGLAS,60616
857,351100,17031351100,3511.0,35,DOUGLAS,60653
858,351100,17031351100,3511.0,35,DOUGLAS,60616
859,251200,17031251200,2512.0,25,AUSTIN,60651
860,251200,17031251200,2512.0,25,AUSTIN,60644
861,570100,17031570100,5701.0,57,ARCHER HEIGHTS,60632
862,30900,17031030900,309.0,77,EDGEWATER,6066
863,30900,17031030900,309.0,77,EDGEWATER,6064
864,250600,17031250600,2506.0,25,AUSTIN,60651
865,250600,17031250600,2506.0,25,AUSTIN,60639
866,560100,17031560100,5601.0,56,GARFIELD RIDGE,60804
867,560100,17031560100,5601.0,56,GARFIELD RIDGE,60632
868,32100,17031032100,321.0,3,UPTOWN,60613
869,490500,17031490500,4905.0,49,ROSELAND,60628
870,490500,17031490500,4905.0,49,ROSELAND,60619
871,490600,17031490600,4906.0,49,ROSELAND,60628
872,490700,17031490700,4907.0,49,ROSELAND,60628
873,490800,17031490800,4908.0,49,ROSELAND,60628
874,700200,17031700200,7002.0,70,ASHBURN,60652
875,700200,17031700200,7002.0,70,ASHBURN,60629
876,710200,17031710200,7102.0,71,AUBURN GRESHAM,6062
877,710400,17031710400,7104.0,71,AUBURN GRESHAM,6062
878,710500,17031710500,7105.0,71,AUBURN GRESHAM,6062
879,710700,17031710700,7107.0,71,AUBURN GRESHAM,6062
880,251000,17031251000,2510.0,25,AUSTIN,60651
881,280400,17031280400,2804.0,28,NEAR WEST SIDE,60612
882,280400,17031280400,2804.0,28,NEAR WEST SIDE,60607
883,320100,17031320100,3201.0,32,LOOP,nan
884,580800,17031580800,5808.0,58,BRIGHTON PARK,60632
885,580800,17031580800,5808.0,58,BRIGHTON PARK,60609
886,351000,17031351000,3510.0,35,DOUGLAS,60616
887,360200,17031360200,3602.0,36,OAKLAND,60653
888,380100,17031380100,3801.0,38,GRAND BOULEVARD,60653
889,231500,17031231500,2315.0,23,HUMBOLDT PARK,60624
890,231500,17031231500,2315.0,23,HUMBOLDT PARK,60651
891,251100,17031251100,2511.0,25,AUSTIN,60651
892,550200,17031550200,5502.0,55,HEGEWISCH,60633
893,560800,17031560800,5608.0,56,GARFIELD RIDGE,60638
894,560900,17031560900,5609.0,56,GARFIELD RIDGE,60638
895,500300,17031500300,5003.0,50,PULLMAN,60628
896,561000,17031561000,5610.0,56,GARFIELD RIDGE,60501
897,561000,17031561000,5610.0,56,GARFIELD RIDGE,60638
898,561100,17031561100,5611.0,56,GARFIELD RIDGE,60638
899,570200,17031570200,5702.0,57,ARCHER HEIGHTS,60632
900,730400,17031730400,7304.0,73,WASHINGTON HEIGHTS,60628
901,730400,17031730400,7304.0,73,WASHINGTON HEIGHTS,60643
902,730500,17031730500,7305.0,73,WASHINGTON HEIGHTS,60628
903,730600,17031730600,7306.0,73,WASHINGTON HEIGHTS,60628
904,730600,17031730600,7306.0,73,WASHINGTON HEIGHTS,60643
905,730700,17031730700,7307.0,73,WASHINGTON HEIGHTS,60628
906,730700,17031730700,7307.0,73,WASHINGTON HEIGHTS,60643
907,250300,17031250300,2503.0,25,AUSTIN,60639
908,250400,17031250400,2504.0,25,AUSTIN,60639
909,250500,17031250500,2505.0,25,AUSTIN,60707
910,250500,17031250500,2505.0,25,AUSTIN,60639
911,250700,17031250700,2507.0,25,AUSTIN,60639
912,250700,17031250700,2507.0,25,AUSTIN,60651
913,250800,17031250800,2508.0,25,AUSTIN,60639
914,250800,17031250800,2508.0,25,AUSTIN,60651
915,520300,17031520300,5203.0,52,EAST SIDE,60617
916,520600,17031520600,5206.0,52,EAST SIDE,60617
917,560200,17031560200,5602.0,56,GARFIELD RIDGE,60632
918,560200,17031560200,5602.0,56,GARFIELD RIDGE,60638
919,560300,17031560300,5603.0,56,GARFIELD RIDGE,60638
920,560700,17031560700,5607.0,56,GARFIELD RIDGE,60638
921,711500,17031711500,7115.0,71,AUBURN GRESHAM,6062
922,720600,17031720600,7206.0,72,BEVERLY,60643
923,31000,17031031000,310.0,3,UPTOWN,6064
924,580300,17031580300,5803.0,58,BRIGHTON PARK,60632
925,50500,17031050500,505.0,5,NORTH CENTER,60618
926,50800,17031050800,508.0,5,NORTH CENTER,60618
927,51000,17031051000,510.0,5,NORTH CENTER,60618
928,51400,17031051400,514.0,5,NORTH CENTER,60647
929,51400,17031051400,514.0,5,NORTH CENTER,60618
930,81900,17031081900,819.0,8,NEAR NORTH SIDE,60654
931,81900,17031081900,819.0,8,NEAR NORTH SIDE,6061
932,252000,17031252000,2520.0,25,AUSTIN,60644
933,260300,17031260300,2603.0,26,WEST GARFIELD PARK,60624
934,40300,17031040300,403.0,4,LINCOLN SQUARE,60625
935,40300,17031040300,403.0,4,LINCOLN SQUARE,60659
936,40800,17031040800,408.0,4,LINCOLN SQUARE,60625
937,40800,17031040800,408.0,4,LINCOLN SQUARE,60618
938,50100,17031050100,501.0,5,NORTH CENTER,60613
939,50100,17031050100,501.0,5,NORTH CENTER,60618
940,50200,17031050200,502.0,5,NORTH CENTER,60618
941,50300,17031050300,503.0,5,NORTH CENTER,60618
942,380200,17031380200,3802.0,38,GRAND BOULEVARD,60653
943,600400,17031600400,6004.0,60,BRIDGEPORT,60616
944,600400,17031600400,6004.0,60,BRIDGEPORT,60608
945,81500,17031081500,815.0,8,NEAR NORTH SIDE,60654
946,81500,17031081500,815.0,8,NEAR NORTH SIDE,60611
947,720100,17031720100,7201.0,72,BEVERLY,6062
948,720100,17031720100,7201.0,72,BEVERLY,60643
949,720200,17031720200,7202.0,72,BEVERLY,60643
950,720300,17031720300,7203.0,72,BEVERLY,60643
951,720700,17031720700,7207.0,72,BEVERLY,60643
952,730100,17031730100,7301.0,73,WASHINGTON HEIGHTS,6062
953,730100,17031730100,7301.0,73,WASHINGTON HEIGHTS,60628
954,730300,17031730300,7303.0,73,WASHINGTON HEIGHTS,6062
955,31100,17031031100,311.0,3,UPTOWN,6064
956,31200,17031031200,312.0,3,UPTOWN,6064
957,31300,17031031300,313.0,3,UPTOWN,6064
958,31400,17031031400,314.0,3,UPTOWN,6064
959,31400,17031031400,314.0,3,UPTOWN,60613
960,570500,17031570500,5705.0,57,ARCHER HEIGHTS,60632
961,580100,17031580100,5801.0,58,BRIGHTON PARK,60608
962,580100,17031580100,5801.0,58,BRIGHTON PARK,60632
963,580200,17031580200,5802.0,58,BRIGHTON PARK,60632
964,580200,17031580200,5802.0,58,BRIGHTON PARK,60608
965,60300,17031060300,603.0,6,LAKE VIEW,60657
966,60300,17031060300,603.0,6,LAKE VIEW,60613
967,580400,17031580400,5804.0,58,BRIGHTON PARK,60632
968,580600,17031580600,5806.0,58,BRIGHTON PARK,60632
969,530300,17031530300,5303.0,53,WEST PULLMAN,60643
970,530300,17031530300,5303.0,53,WEST PULLMAN,60628
971,51300,17031051300,513.0,5,NORTH CENTER,60618
972,51300,17031051300,513.0,5,NORTH CENTER,60657
973,51300,17031051300,513.0,5,NORTH CENTER,60614
974,500100,17031500100,5001.0,50,PULLMAN,60628
975,500100,17031500100,5001.0,50,PULLMAN,60619
976,50600,17031050600,506.0,5,NORTH CENTER,60618
977,50600,17031050600,506.0,5,NORTH CENTER,60657
978,50600,17031050600,506.0,5,NORTH CENTER,60613
979,50700,17031050700,507.0,5,NORTH CENTER,60618
980,50700,17031050700,507.0,5,NORTH CENTER,60657
981,50700,17031050700,507.0,5,NORTH CENTER,60613
982,50900,17031050900,509.0,5,NORTH CENTER,60618
983,51100,17031051100,511.0,5,NORTH CENTER,60618
984,81800,17031081800,818.0,8,NEAR NORTH SIDE,6061
985,81800,17031081800,818.0,8,NEAR NORTH SIDE,60654
986,90100,17031090100,901.0,9,EDISON PARK,60631
987,90200,17031090200,902.0,9,EDISON PARK,60631
988,90300,17031090300,903.0,9,EDISON PARK,60068
989,90300,17031090300,903.0,9,EDISON PARK,60631
990,100100,17031100100,1001.0,10,NORWOOD PARK,60646
991,260200,17031260200,2602.0,26,WEST GARFIELD PARK,60624
992,100200,17031100200,1002.0,10,NORWOOD PARK,60714
993,100200,17031100200,1002.0,10,NORWOOD PARK,60631
994,100200,17031100200,1002.0,10,NORWOOD PARK,60646
995,260100,17031260100,2601.0,26,WEST GARFIELD PARK,60624
996,62400,17031062400,624.0,6,LAKE VIEW,60657
997,491300,17031491300,4913.0,49,ROSELAND,60628
998,720400,17031720400,7204.0,72,BEVERLY,60643
999,720400,17031720400,7204.0,72,BEVERLY,60655
1000,530400,17031530400,5304.0,53,WEST PULLMAN,60643
1001,530400,17031530400,5304.0,53,WEST PULLMAN,60628
1002,63400,17031063400,634.0,6,LAKE VIEW,60657
1003,63400,17031063400,634.0,6,LAKE VIEW,60614
1004,750600,17031750600,7506.0,75,MORGAN PARK,60643
1005,750600,17031750600,7506.0,75,MORGAN PARK,60628
1006,40100,17031040100,401.0,4,LINCOLN SQUARE,6066
1007,40100,17031040100,401.0,4,LINCOLN SQUARE,60625
1008,40100,17031040100,401.0,4,LINCOLN SQUARE,60659
1009,40100,17031040100,401.0,4,LINCOLN SQUARE,6064
1010,40600,17031040600,406.0,4,LINCOLN SQUARE,60625
1011,40700,17031040700,407.0,4,LINCOLN SQUARE,60625
1012,40900,17031040900,409.0,4,LINCOLN SQUARE,60625
1013,40900,17031040900,409.0,4,LINCOLN SQUARE,60618
1014,980000,17031980000,9800.0,76,OHARE,60018
1015,980000,17031980000,9800.0,76,OHARE,60688
1016,980000,17031980000,9800.0,76,OHARE,60176
1017,980000,17031980000,9800.0,76,OHARE,60131
1018,980000,17031980000,9800.0,76,OHARE,60701
1019,980000,17031980000,9800.0,76,OHARE,60666
1020,980000,17031980000,9800.0,76,OHARE,60007
1021,81600,17031081600,816.0,8,NEAR NORTH SIDE,60654
1022,81700,17031081700,817.0,8,NEAR NORTH SIDE,6061
1023,81700,17031081700,817.0,8,NEAR NORTH SIDE,60654
1024,251300,17031251300,2513.0,25,AUSTIN,60651
1025,251400,17031251400,2514.0,25,AUSTIN,60644
1026,251400,17031251400,2514.0,25,AUSTIN,60651
1027,251500,17031251500,2515.0,25,AUSTIN,60651
1028,251500,17031251500,2515.0,25,AUSTIN,60644
1029,251900,17031251900,2519.0,25,AUSTIN,60644
1030,260700,17031260700,2607.0,26,WEST GARFIELD PARK,60624
1031,600900,17031600900,6009.0,60,BRIDGEPORT,60608
1032,611200,17031611200,6112.0,61,NEW CITY,60609
1033,62800,17031062800,628.0,6,LAKE VIEW,60614
1034,62800,17031062800,628.0,6,LAKE VIEW,60657
1035,62900,17031062900,629.0,6,LAKE VIEW,60614
1036,62900,17031062900,629.0,6,LAKE VIEW,60657
1037,63000,17031063000,630.0,6,LAKE VIEW,60657
1038,63000,17031063000,630.0,6,LAKE VIEW,60614
1039,63100,17031063100,631.0,6,LAKE VIEW,60657
1040,63200,17031063200,632.0,6,LAKE VIEW,60657
1041,110200,17031110200,1102.0,11,JEFFERSON PARK,6063
1042,110200,17031110200,1102.0,11,JEFFERSON PARK,60646
1043,251600,17031251600,2516.0,25,AUSTIN,60651
1044,251600,17031251600,2516.0,25,AUSTIN,60644
1045,251700,17031251700,2517.0,25,AUSTIN,60644
1046,251700,17031251700,2517.0,25,AUSTIN,60651
1047,251800,17031251800,2518.0,25,AUSTIN,60644
1048,570300,17031570300,5703.0,57,ARCHER HEIGHTS,60632
1049,570400,17031570400,5704.0,57,ARCHER HEIGHTS,60632
1050,100600,17031100600,1006.0,10,NORWOOD PARK,60656
1051,100600,17031100600,1006.0,10,NORWOOD PARK,6063
1052,62200,17031062200,622.0,6,LAKE VIEW,60657
1053,100700,17031100700,1007.0,10,NORWOOD PARK,6063
1054,100700,17031100700,1007.0,10,NORWOOD PARK,60656
1055,261000,17031261000,2610.0,26,WEST GARFIELD PARK,60624
1056,62600,17031062600,626.0,6,LAKE VIEW,60614
1057,62600,17031062600,626.0,6,LAKE VIEW,60657
1058,110100,17031110100,1101.0,11,JEFFERSON PARK,60646
1059,110100,17031110100,1101.0,11,JEFFERSON PARK,6063
1060,260900,17031260900,2609.0,26,WEST GARFIELD PARK,60624
1061,270500,17031270500,2705.0,27,EAST GARFIELD PARK,60624
1062,520100,17031520100,5201.0,52,EAST SIDE,60617
1063,611400,17031611400,6114.0,61,NEW CITY,60609
1064,610300,17031610300,6103.0,61,NEW CITY,60609
1065,610800,17031610800,6108.0,61,NEW CITY,60609
1066,611000,17031611000,6110.0,61,NEW CITY,nan
1067,62700,17031062700,627.0,6,LAKE VIEW,60614
1068,62700,17031062700,627.0,6,LAKE VIEW,60657
1069,120300,17031120300,1203.0,12,FOREST GLEN,60659
1070,120300,17031120300,1203.0,12,FOREST GLEN,60646
1071,271800,17031271800,2718.0,27,EAST GARFIELD PARK,60612
1072,520400,17031520400,5204.0,52,EAST SIDE,60617
1073,260500,17031260500,2605.0,26,WEST GARFIELD PARK,60624
1074,260600,17031260600,2606.0,26,WEST GARFIELD PARK,60624
1075,580700,17031580700,5807.0,58,BRIGHTON PARK,60632
1076,580700,17031580700,5807.0,58,BRIGHTON PARK,60609
1077,61200,17031061200,612.0,6,LAKE VIEW,60613
1078,590500,17031590500,5905.0,59,MCKINLEY PARK,60609
1079,590600,17031590600,5906.0,59,MCKINLEY PARK,60609
1080,590700,17031590700,5907.0,59,MCKINLEY PARK,60609
1081,600600,17031600600,6006.0,60,BRIDGEPORT,60608
1082,600700,17031600700,6007.0,60,BRIDGEPORT,60608
1083,60400,17031060400,604.0,6,LAKE VIEW,60613
1084,60500,17031060500,605.0,6,LAKE VIEW,60613
1085,60900,17031060900,609.0,6,LAKE VIEW,60613
1086,60900,17031060900,609.0,6,LAKE VIEW,60657
1087,61000,17031061000,610.0,6,LAKE VIEW,60613
1088,62000,17031062000,620.0,6,LAKE VIEW,60657
1089,62100,17031062100,621.0,6,LAKE VIEW,60657
1090,260400,17031260400,2604.0,26,WEST GARFIELD PARK,60624
1091,260800,17031260800,2608.0,26,WEST GARFIELD PARK,60624
1092,630800,17031630800,6308.0,63,GAGE PARK,60632
1093,630800,17031630800,6308.0,63,GAGE PARK,60629
1094,100300,17031100300,1003.0,10,NORWOOD PARK,60646
1095,100300,17031100300,1003.0,10,NORWOOD PARK,60631
1096,100300,17031100300,1003.0,10,NORWOOD PARK,60656
1097,100400,17031100400,1004.0,10,NORWOOD PARK,60631
1098,100500,17031100500,1005.0,10,NORWOOD PARK,60706
1099,100500,17031100500,1005.0,10,NORWOOD PARK,60656
1100,100500,17031100500,1005.0,10,NORWOOD PARK,60631
1101,283100,17031283100,2831.0,28,NEAR WEST SIDE,60607
1102,271200,17031271200,2712.0,27,EAST GARFIELD PARK,60612
1103,610400,17031610400,6104.0,61,NEW CITY,60609
1104,611100,17031611100,6111.0,61,NEW CITY,nan
1105,611300,17031611300,6113.0,61,NEW CITY,60609
1106,62300,17031062300,623.0,6,LAKE VIEW,60657
1107,62500,17031062500,625.0,6,LAKE VIEW,60657
1108,70700,17031070700,707.0,7,LINCOLN PARK,60614
1109,70700,17031070700,707.0,7,LINCOLN PARK,60647
1110,71100,17031071100,711.0,7,LINCOLN PARK,60614
1111,71300,17031071300,713.0,7,LINCOLN PARK,60614
1112,140200,17031140200,1402.0,14,ALBANY PARK,60625
1113,70600,17031070600,706.0,7,LINCOLN PARK,60614
1114,120400,17031120400,1204.0,12,FOREST GLEN,6063
1115,120400,17031120400,1204.0,12,FOREST GLEN,60646
1116,130100,17031130100,1301.0,13,NORTH PARK,60646
1117,130100,17031130100,1301.0,13,NORTH PARK,60659
1118,130200,17031130200,1302.0,13,NORTH PARK,6063
1119,130200,17031130200,1302.0,13,NORTH PARK,60646
1120,140100,17031140100,1401.0,14,ALBANY PARK,60625
1121,283200,17031283200,2832.0,28,NEAR WEST SIDE,60607
1122,283200,17031283200,2832.0,28,NEAR WEST SIDE,60608
1123,140400,17031140400,1404.0,14,ALBANY PARK,6063
1124,292400,17031292400,2924.0,29,NORTH LAWNDALE,60623
1125,282700,17031282700,2827.0,28,NEAR WEST SIDE,60608
1126,282700,17031282700,2827.0,28,NEAR WEST SIDE,60612
1127,292500,17031292500,2925.0,29,NORTH LAWNDALE,60623
1128,300600,17031300600,3006.0,30,SOUTH LAWNDALE,60623
1129,300700,17031300700,3007.0,30,SOUTH LAWNDALE,60623
1130,282800,17031282800,2828.0,28,NEAR WEST SIDE,60608
1131,282800,17031282800,2828.0,28,NEAR WEST SIDE,60612
1132,283800,17031283800,2838.0,28,NEAR WEST SIDE,60608
1133,290900,17031290900,2909.0,29,NORTH LAWNDALE,60624
1134,290900,17031290900,2909.0,29,NORTH LAWNDALE,60623
1135,291600,17031291600,2916.0,29,NORTH LAWNDALE,60608
1136,630200,17031630200,6302.0,63,GAGE PARK,nan
1137,271300,17031271300,2713.0,27,EAST GARFIELD PARK,60612
1138,271300,17031271300,2713.0,27,EAST GARFIELD PARK,60624
1139,280900,17031280900,2809.0,28,NEAR WEST SIDE,60686
1140,280900,17031280900,2809.0,28,NEAR WEST SIDE,60612
1141,611700,17031611700,6117.0,61,NEW CITY,60609
1142,612100,17031612100,6121.0,61,NEW CITY,60609
1143,70300,17031070300,703.0,7,LINCOLN PARK,60614
1144,300500,17031300500,3005.0,30,SOUTH LAWNDALE,60623
1145,291200,17031291200,2912.0,29,NORTH LAWNDALE,60623
1146,291200,17031291200,2912.0,29,NORTH LAWNDALE,60624
1147,620300,17031620300,6203.0,62,WEST ELSDON,60629
1148,620300,17031620300,6203.0,62,WEST ELSDON,60632
1149,620400,17031620400,6204.0,62,WEST ELSDON,60632
1150,620400,17031620400,6204.0,62,WEST ELSDON,60629
1151,630100,17031630100,6301.0,63,GAGE PARK,nan
1152,630300,17031630300,6303.0,63,GAGE PARK,60632
1153,630400,17031630400,6304.0,63,GAGE PARK,60632
1154,630500,17031630500,6305.0,63,GAGE PARK,60609
1155,630500,17031630500,6305.0,63,GAGE PARK,60632
1156,110300,17031110300,1103.0,11,JEFFERSON PARK,6063
1157,110400,17031110400,1104.0,11,JEFFERSON PARK,6063
1158,280100,17031280100,2801.0,28,NEAR WEST SIDE,60606
1159,280100,17031280100,2801.0,28,NEAR WEST SIDE,60661
1160,280100,17031280100,2801.0,28,NEAR WEST SIDE,60654
1161,120100,17031120100,1201.0,12,FOREST GLEN,60714
1162,120100,17031120100,1201.0,12,FOREST GLEN,60646
1163,280800,17031280800,2808.0,28,NEAR WEST SIDE,60612
1164,120200,17031120200,1202.0,12,FOREST GLEN,60646
1165,271400,17031271400,2714.0,27,EAST GARFIELD PARK,60624
1166,71000,17031071000,710.0,7,LINCOLN PARK,60614
1167,281900,17031281900,2819.0,28,NEAR WEST SIDE,60607
1168,281900,17031281900,2819.0,28,NEAR WEST SIDE,60661
1169,281900,17031281900,2819.0,28,NEAR WEST SIDE,60606
1170,550100,17031550100,5501.0,55,HEGEWISCH,60633
1171,550100,17031550100,5501.0,55,HEGEWISCH,60617
1172,71200,17031071200,712.0,7,LINCOLN PARK,60614
1173,611500,17031611500,6115.0,61,NEW CITY,60609
1174,611800,17031611800,6118.0,61,NEW CITY,60609
1175,611900,17031611900,6119.0,61,NEW CITY,60609
1176,612000,17031612000,6120.0,61,NEW CITY,60609
1177,620100,17031620100,6201.0,62,WEST ELSDON,60632
1178,620200,17031620200,6202.0,62,WEST ELSDON,60632
1179,70200,17031070200,702.0,7,LINCOLN PARK,60614
1180,70400,17031070400,704.0,7,LINCOLN PARK,60614
1181,70500,17031070500,705.0,7,LINCOLN PARK,60614
1182,130300,17031130300,1303.0,13,NORTH PARK,60659
1183,292200,17031292200,2922.0,29,NORTH LAWNDALE,60623
1184,630900,17031630900,6309.0,63,GAGE PARK,60632
1185,630900,17031630900,6309.0,63,GAGE PARK,60629
